date,original,trend,seasonal,residual
2024-09-01,7571.43,,-274.9839087606838,
2024-09-02,6557.139999999999,,-32.167519871794596,
2024-09-03,6902.860000000001,,354.01164679487164,
2024-09-04,5428.57,,338.93609123931617,
2024-09-05,8294.29,,-245.80585320512844,
2024-09-06,9100.0,,263.8133134615385,
2024-09-07,9380.0,,47.74404957264926,
2024-09-08,10560.0,,165.07710512820506,
2024-09-09,7600.0,,-498.746408760684,
2024-09-10,9940.0,,-400.3439087606838,
2024-09-11,6000.0,,107.61886901709389,
2024-09-12,7600.0,,-553.0580754273503,
2024-09-13,9100.0,,-0.1091865384613584,
2024-09-14,6360.0,,272.7422023504276,
2024-09-15,8400.0,,-41.272797649572155,
2024-09-16,7940.0,8720.285833333332,-282.2739301282052,-498.0119032051263
2024-09-17,8560.0,8737.031833333334,-400.9552506410259,223.92341730769152
2024-09-18,5000.0,8784.365166666666,-261.00653269230787,-3523.358633974359
2024-09-19,8900.0,8904.9525,418.9055570512823,-423.8580570512817
2024-09-20,8900.0,9017.904833333332,226.65306987179451,-344.55790320512665
2024-09-21,10840.0,9088.0,424.06250790598324,1327.9374920940168
2024-09-22,9400.0,9157.666666666668,397.3688967948719,-155.03556346153977
2024-09-23,12080.0,9230.333333333334,506.5511606837608,2343.1155059829052
2024-09-24,10400.0,9283.333333333332,-21.50042264957222,1138.1670893162402
2024-09-25,6500.0,9355.333333333332,-111.64724209401716,-2743.686091239315
2024-09-26,11580.0,9493.333333333332,338.60275790598297,1748.0639087606849
2024-09-27,12140.0,9673.166666666666,15.130535683760588,2451.7027976495733
2024-09-28,9650.0,9819.333333333332,-129.03613098290606,-40.29720235042606
2024-09-29,10660.0,9978.5,-76.17501987179537,757.6750198717954
2024-09-30,9650.0,10136.0,-548.1355754273505,62.135575427350545
2024-10-01,8800.0,10207.666666666668,-274.9839087606838,-1132.682757905984
2024-10-02,6333.330000000002,10292.666666666666,-32.167519871794596,-3927.16914679487
2024-10-03,9966.669999999998,10481.0,354.01164679487164,-868.3416467948734
2024-10-04,9600.0,10698.333333333332,338.93609123931617,-1437.2694245726484
2024-10-05,10900.0,10871.333333333332,-245.80585320512844,274.4725198717963
2024-10-06,10700.0,11029.0,263.8133134615385,-592.8133134615384
2024-10-07,11960.0,11195.666666666666,47.74404957264926,716.5892837606847
2024-10-08,12340.0,11246.666666666668,165.07710512820506,928.2562282051271
2024-10-09,9000.0,11273.666666666668,-498.746408760684,-1774.9202579059838
2024-10-10,12860.0,11461.0,-400.3439087606838,1799.343908760684
2024-10-11,11360.0,11630.333333333334,107.61886901709389,-377.9522023504278
2024-10-12,13030.0,11683.333333333334,-553.0580754273503,1899.7247420940164
2024-10-13,12440.0,11775.166666666666,-0.1091865384613584,664.9425198717953
2024-10-14,12570.0,11869.333333333332,272.7422023504276,427.9244643162403
2024-10-15,11640.0,11876.118999999999,-41.272797649572155,-194.8462023504266
2024-10-16,9000.0,11960.142833333333,-282.2739301282052,-2677.868903205128
2024-10-17,12600.0,12144.682666666666,-400.9552506410259,856.2725839743603
2024-10-18,12260.0,12268.016,-261.00653269230787,252.99053269230825
2024-10-19,14680.0,12362.142833333333,418.9055570512823,1898.9516096153843
2024-10-20,13500.0,12452.619,226.65306987179451,820.7279301282049
2024-10-21,15700.0,12496.666666666668,424.06250790598324,2779.270825427349
2024-10-22,14540.0,12472.888833333333,397.3688967948719,1669.7422698717955
2024-10-23,10000.0,12460.222166666666,506.5511606837608,-2966.7733273504273
2024-10-24,14100.0,12589.333333333332,-21.50042264957222,1532.1670893162402
2024-10-25,14040.0,12710.5,-111.64724209401716,1441.1472420940172
2024-10-26,14200.0,12787.333333333332,338.60275790598297,1074.0639087606849
2024-10-27,12700.0,12846.333333333332,15.130535683760588,-161.46386901709272
2024-10-28,14600.0,12886.0,-129.03613098290606,1843.0361309829061
2024-10-29,11360.0,12871.944500000001,-76.17501987179537,-1435.769480128206
2024-10-30,9357.14,12855.111166666666,-548.1355754273505,-2949.835591239316
2024-10-31,14134.29,12936.666666666668,-274.9839087606838,1472.6072420940168
2024-11-01,12071.43,13012.666666666668,-32.167519871794596,-909.069146794873
2024-11-02,11628.57,13050.333333333332,354.01164679487164,-1775.774980128204
2024-11-03,13585.71,13081.0,338.93609123931617,165.77390876068296
2024-11-04,12342.86,13117.666666666668,-245.80585320512844,-529.0008134615389
2024-11-05,11900.0,12990.333333333334,263.8133134615385,-1354.1466467948724
2024-11-06,9333.330000000002,12790.666666666668,47.74404957264926,-3505.0807162393153
2024-11-07,14206.669999999998,12774.666666666666,165.07710512820506,1266.9262282051272
2024-11-08,14880.0,12728.333333333332,-498.746408760684,2650.413075427352
2024-11-09,14250.0,12595.333333333332,-400.3439087606838,2055.010575427352
2024-11-10,14580.0,12513.333333333332,107.61886901709389,1959.047797649574
2024-11-11,13350.0,12438.666666666666,-553.0580754273503,1464.3914087606843
2024-11-12,14500.0,12229.666666666666,-0.1091865384613584,2270.4425198717954
2024-11-13,9666.669999999998,12054.666666666666,272.7422023504276,-2660.7388690170956
2024-11-14,13533.330000000002,12048.714333333333,-41.272797649572155,1525.8884643162405
2024-11-15,12000.0,12000.523833333333,-282.2739301282052,281.7500967948725
2024-11-16,14160.0,11910.4285,-400.9552506410259,2650.526750641026
2024-11-17,12960.0,11860.095166666666,-261.00653269230787,1360.9113660256419
2024-11-18,15820.0,11795.523833333333,418.9055570512823,3605.570609615385
2024-11-19,14560.0,11601.047666666665,226.65306987179451,2732.2992634615402
2024-11-20,7000.0,11464.333333333332,424.06250790598324,-4888.395841239315
2024-11-21,11260.0,11481.777833333334,397.3688967948719,-619.1467301282055
2024-11-22,12320.0,11448.111166666666,506.5511606837608,365.3376726495735
2024-11-23,9000.0,11306.333333333332,-21.50042264957222,-2284.83291068376
2024-11-24,11160.0,11127.5,-111.64724209401716,144.14724209401714
2024-11-25,12160.0,10983.666666666666,338.60275790598297,837.7305754273509
2024-11-26,10260.0,10786.5,15.130535683760588,-541.6305356837606
2024-11-27,4500.0,10560.0,-129.03613098290606,-5930.963869017094
2024-11-28,10960.0,10481.5555,-76.17501987179537,554.619519871795
2024-11-29,9400.0,10412.555499999999,-548.1355754273505,-464.41992457264803
2024-11-30,11200.0,10282.333333333332,-274.9839087606838,1192.6505754273517
2024-12-01,9600.0,10128.333333333334,-32.167519871794596,-496.16581346153936
2024-12-02,11080.0,9999.0,354.01164679487164,726.9883532051283
2024-12-03,10260.0,9929.333333333334,338.93609123931617,-8.26942457265011
2024-12-04,4000.0,9826.333333333334,-245.80585320512844,-5580.527480128206
2024-12-05,12040.0,9837.0,263.8133134615385,1939.1866865384616
2024-12-06,10240.0,9909.333333333334,47.74404957264926,282.9226170940168
2024-12-07,11280.0,9883.0,165.07710512820506,1231.922894871795
2024-12-08,9300.0,9894.333333333332,-498.746408760684,-95.58692457264812
2024-12-09,9100.0,9941.0,-400.3439087606838,-440.6560912393162
2024-12-10,11100.0,9929.333333333332,107.61886901709389,1063.047797649574
2024-12-11,5000.0,9918.333333333332,-553.0580754273503,-4365.275257905982
2024-12-12,9260.0,10026.666666666666,-0.1091865384613584,-766.5574801282047
2024-12-13,10200.0,10136.0,272.7422023504276,-208.7422023504276
2024-12-14,8860.0,10171.0,-41.272797649572155,-1269.727202350428
2024-12-15,8860.0,10196.0,-282.2739301282052,-1053.7260698717948
2024-12-16,8060.0,10231.0,-400.9552506410259,-1770.044749358974
2024-12-17,11300.0,10284.666666666666,-261.00653269230787,1276.3398660256419
2024-12-18,13300.0,10327.333333333332,418.9055570512823,2553.7611096153855
2024-12-19,10900.0,10472.0,226.65306987179451,201.34693012820549
2024-12-20,11300.0,10595.333333333332,424.06250790598324,280.60415876068464
2024-12-21,11300.0,10588.999999999998,397.3688967948719,313.63110320512993
2024-12-22,10700.0,10572.0,506.5511606837608,-378.5511606837608
2024-12-23,11300.0,10584.0,-21.50042264957222,737.5004226495722
2024-12-24,11660.0,10602.333333333334,-111.64724209401716,1169.3139087606833
2024-12-25,10960.0,10580.666666666668,338.60275790598297,40.73057542734915
2024-12-26,10800.0,10682.333333333332,15.130535683760588,102.5361309829073
2024-12-27,10460.0,10827.166666666668,-129.03613098290606,-238.13053568376182
2024-12-28,11560.0,10888.666666666668,-76.17501987179537,747.5083532051275
2024-12-29,10900.0,10985.166666666666,-548.1355754273505,462.9689087606845
2024-12-30,11200.0,11117.333333333332,-274.9839087606838,357.65057542735167
2024-12-31,11700.0,11223.666666666666,-32.167519871794596,508.5008532051285
2025-01-01,12200.0,11311.0,354.01164679487164,534.9883532051283
2025-01-02,11700.0,11387.666666666666,338.93609123931617,-26.60275790598223
2025-01-03,11240.0,11439.333333333332,-245.80585320512844,46.47251987179632
2025-01-04,12200.0,11496.0,263.8133134615385,440.1866865384615
2025-01-05,9700.0,11559.333333333332,47.74404957264926,-1907.0773829059813
2025-01-06,10800.0,11629.333333333332,165.07710512820506,-994.4104384615372
2025-01-07,10500.0,11641.0,-498.746408760684,-642.2535912393159
2025-01-08,9000.0,11623.333333333332,-400.3439087606838,-2222.989424572648
2025-01-09,9900.0,11663.0,107.61886901709389,-1870.6188690170939
2025-01-10,12300.0,11742.0,-553.0580754273503,1111.0580754273503
2025-01-11,10650.0,11809.333333333332,-0.1091865384613584,-1159.2241467948706
2025-01-12,12500.0,11852.333333333332,272.7422023504276,374.9244643162403
2025-01-13,12350.0,11901.333333333332,-41.272797649572155,489.93946431624005
2025-01-14,13300.0,11956.333333333332,-282.2739301282052,1625.940596794873
2025-01-15,10000.0,11988.0,-400.9552506410259,-1587.044749358974
2025-01-16,14600.0,12003.000000000002,-261.00653269230787,2858.006532692306
2025-01-17,14600.0,12033.0,418.9055570512823,2148.0944429487176
2025-01-18,12700.0,12085.666666666668,226.65306987179451,387.6802634615376
2025-01-19,12900.0,12131.666666666666,424.06250790598324,344.2708254273507
2025-01-20,13500.0,12228.333333333332,397.3688967948719,874.2977698717959
2025-01-21,12700.0,12302.222166666666,506.5511606837608,-108.77332735042728
2025-01-22,10000.0,12307.222166666666,-21.50042264957222,-2285.7217440170944
2025-01-23,11900.0,12298.333333333334,-111.64724209401716,-286.6860912393168
2025-01-24,13100.0,12256.666666666666,338.60275790598297,504.73057542735097
2025-01-25,13400.0,12151.666666666666,15.130535683760588,1233.2027976495733
2025-01-26,11900.0,12030.833333333332,-129.03613098290606,-1.797202350426062
2025-01-27,12700.0,11957.333333333334,-76.17501987179537,818.8416865384614
2025-01-28,12700.0,11876.5,-548.1355754273505,1371.6355754273504
2025-01-29,12700.0,11776.666666666666,-274.9839087606838,1198.3172420940177
2025-01-30,12100.0,11708.333333333334,-32.167519871794596,423.83418653846064
2025-01-31,12700.0,11630.666666666668,354.01164679487164,715.3216865384604
2025-02-01,13000.0,11478.333333333334,338.93609123931617,1182.7305754273498
2025-02-02,13100.0,11363.666666666668,-245.80585320512844,1982.1391865384605
2025-02-03,13100.0,11331.333333333332,263.8133134615385,1504.8533532051295
2025-02-04,14600.0,11219.0,47.74404957264926,3333.255950427351
2025-02-05,10333.330000000002,11103.333333333334,165.07710512820506,-935.0804384615373
2025-02-06,11266.669999999998,11133.0,-498.746408760684,632.4164087606823
2025-02-07,7700.0,11124.0,-400.3439087606838,-3023.656091239316
2025-02-08,8700.0,11022.666666666668,107.61886901709389,-2430.2855356837617
2025-02-09,7200.0,10910.0,-553.0580754273503,-3156.9419245726494
2025-02-10,8500.0,10835.333333333332,-0.1091865384613584,-2335.2241467948706
2025-02-11,10240.0,10714.666666666666,272.7422023504276,-747.4088690170936
2025-02-12,9760.0,10559.0,-41.272797649572155,-757.7272023504279
2025-02-13,9900.0,10403.333333333334,-282.2739301282052,-221.05940320512872
2025-02-14,9300.0,10302.0,-400.9552506410259,-601.0447493589741
2025-02-15,10640.0,10265.666666666668,-261.00653269230787,635.33986602564
2025-02-16,9420.0,10208.333333333332,418.9055570512823,-1207.2388903846145
2025-02-17,11000.0,10153.0,226.65306987179451,620.3469301282055
2025-02-18,12660.0,10006.666666666668,424.06250790598324,2229.270825427349
2025-02-19,7000.0,9840.333333333332,397.3688967948719,-3237.702230128204
2025-02-20,12260.0,9775.4445,506.5511606837608,1978.0043393162396
2025-02-21,12220.0,9735.111166666666,-21.50042264957222,2506.3892559829064
2025-02-22,9140.0,9717.333333333332,-111.64724209401716,-465.686091239315
2025-02-23,9780.0,9724.0,338.60275790598297,-282.60275790598297
2025-02-24,9960.0,9792.666666666668,15.130535683760588,152.20279764957152
2025-02-25,10860.0,9877.0,-129.03613098290606,1112.0361309829061
2025-02-26,6500.0,9923.333333333332,-76.17501987179537,-3347.1583134615366
2025-02-27,9560.0,9996.333333333334,-548.1355754273505,111.8022420940166
2025-02-28,6500.0,10106.666666666666,-274.9839087606838,-3331.6827579059823
2025-03-01,12220.0,10259.0,-32.167519871794596,1993.1675198717946
2025-03-02,10400.0,10352.666666666666,354.01164679487164,-306.6783134615377
2025-03-03,11860.0,10409.0,338.93609123931617,1112.0639087606837
2025-03-04,10920.0,10443.111166666667,-245.80585320512844,722.6946865384609
2025-03-05,6500.0,10475.444500000001,263.8133134615385,-4239.25781346154
2025-03-06,11220.0,10679.333333333334,47.74404957264926,492.9226170940168
2025-03-07,9820.0,10883.0,165.07710512820506,-1228.077105128205
2025-03-08,9360.0,10959.666666666668,-498.746408760684,-1100.9202579059838
2025-03-09,8540.0,11130.0,-400.3439087606838,-2189.656091239316
2025-03-10,8260.0,11340.0,107.61886901709389,-3187.618869017094
2025-03-11,11760.0,11436.0,-553.0580754273503,877.0580754273503
2025-03-12,9000.0,11557.666666666668,-0.1091865384613584,-2557.5574801282064
2025-03-13,12520.0,11814.666666666666,272.7422023504276,432.59113098290635
2025-03-14,11860.0,12029.0,-41.272797649572155,-127.72720235042785
2025-03-15,14420.0,12209.0,-282.2739301282052,2493.2739301282054
2025-03-16,13920.0,12346.666666666666,-400.9552506410259,1974.2885839743599
2025-03-17,11640.0,12435.0,-261.00653269230787,-533.9934673076921
2025-03-18,11800.0,12481.333333333334,418.9055570512823,-1100.2388903846163
2025-03-19,10666.669999999998,12496.0,226.65306987179451,-2055.983069871796
2025-03-20,14933.330000000002,12665.333333333332,424.06250790598324,1843.9341587606864
2025-03-21,16960.0,12840.666666666666,397.3688967948719,3721.964436538462
2025-03-22,14520.0,12961.333333333332,506.5511606837608,1052.115505982907
2025-03-23,14560.0,13110.333333333332,-21.50042264957222,1471.1670893162402
2025-03-24,17020.0,13243.0,-111.64724209401716,3888.647242094017
2025-03-25,14500.0,13374.666666666666,338.60275790598297,786.7305754273509
2025-03-26,11000.0,13464.333333333334,15.130535683760588,-2479.4638690170946
2025-03-27,17120.0,13575.666666666666,-129.03613098290606,3673.36946431624
2025-03-28,15660.0,13693.666666666666,-76.17501987179537,2042.5083532051294
2025-03-29,13260.0,13737.666666666666,-548.1355754273505,70.46890876068449
2025-03-30,13600.0,13751.333333333334,-274.9839087606838,123.65057542734985
2025-03-31,13380.0,13734.666666666666,-32.167519871794596,-322.4991467948715
2025-04-01,14540.0,13728.666666666668,354.01164679487164,457.3216865384605
2025-04-02,10500.0,13758.0,338.93609123931617,-3596.9360912393163
2025-04-03,13160.0,13845.888833333334,-245.80585320512844,-440.0829801282059
2025-04-04,14420.0,13893.222166666666,263.8133134615385,262.96451987179506
2025-04-05,13820.0,13847.666666666668,47.74404957264926,-75.41071623931714
2025-04-06,14460.0,13835.0,165.07710512820506,459.92289487179494
2025-04-07,13660.0,13866.333333333332,-498.746408760684,292.4130754273519
2025-04-08,12200.0,13831.666666666666,-400.3439087606838,-1231.3227579059821
2025-04-09,12500.0,13768.0,107.61886901709389,-1375.6188690170939
2025-04-10,12900.0,13804.666666666666,-553.0580754273503,-351.60859123931573
2025-04-11,14540.0,13809.333333333332,-0.1091865384613584,730.7758532051292
2025-04-12,14060.0,13727.333333333332,272.7422023504276,59.92446431624029
2025-04-13,12960.0,13703.0,-41.272797649572155,-701.7272023504279
2025-04-14,14140.0,13706.333333333334,-282.2739301282052,715.9405967948712
2025-04-15,13200.0,13711.0,-400.9552506410259,-110.04474935897412
2025-04-16,12000.0,13713.0,-261.00653269230787,-1451.993467307692
2025-04-17,13200.0,13757.0,418.9055570512823,-975.9055570512824
2025-04-18,14540.0,13821.666666666668,226.65306987179451,491.6802634615376
2025-04-19,13900.0,13828.0,424.06250790598324,-352.06250790598324
2025-04-20,15260.0,13854.0,397.3688967948719,1008.631103205128
2025-04-21,15460.0,13867.666666666666,506.5511606837608,1085.782172649573
2025-04-22,15500.0,13816.666666666666,-21.50042264957222,1704.8337559829063
2025-04-23,14000.0,13809.0,-111.64724209401716,302.64724209401714
2025-04-24,13700.0,13860.666666666668,338.60275790598297,-499.26942457265085
2025-04-25,14000.0,13876.5,15.130535683760588,108.36946431623942
2025-04-26,14400.0,13839.333333333334,-129.03613098290606,689.7027976495722
2025-04-27,13460.0,13770.5,-76.17501987179537,-234.32498012820463
2025-04-28,14000.0,13714.666666666668,-548.1355754273505,833.4689087606827
2025-04-29,13060.0,13644.0,-274.9839087606838,-309.0160912393162
2025-04-30,14200.0,13563.333333333332,-32.167519871794596,668.8341865384625
2025-05-01,13840.0,13510.666666666664,354.01164679487164,-24.67831346153588
2025-05-02,13840.0,13447.333333333332,338.93609123931617,53.73057542735171
2025-05-03,13700.0,13351.0,-245.80585320512844,594.8058532051284
2025-05-04,14260.0,13251.333333333332,263.8133134615385,744.8533532051295
2025-05-05,15540.0,13131.333333333334,47.74404957264926,2360.922617094017
2025-05-06,13560.0,12993.666666666666,165.07710512820506,401.2562282051289
2025-05-07,11500.0,12860.333333333332,-498.746408760684,-861.5869245726481
2025-05-08,13900.0,12723.666666666668,-400.3439087606838,1576.677242094016
2025-05-09,13900.0,12607.0,107.61886901709389,1185.3811309829061
2025-05-10,12450.0,12500.333333333332,-553.0580754273503,502.7247420940182
2025-05-11,12760.0,12414.333333333332,-0.1091865384613584,345.77585320512924
2025-05-12,11710.0,12355.0,272.7422023504276,-917.7422023504275
2025-05-13,11960.0,12296.0,-41.272797649572155,-294.72720235042783
2025-05-14,10900.0,12250.0,-282.2739301282052,-1067.7260698717948
2025-05-15,11600.0,12193.666666666668,-400.9552506410259,-192.711416025642
2025-05-16,10440.0,12098.0,-261.00653269230787,-1396.993467307692
2025-05-17,10960.0,12023.333333333332,418.9055570512823,-1482.2388903846145
2025-05-18,11000.0,11971.666666666666,226.65306987179451,-1198.3197365384606
2025-05-19,11460.0,11877.333333333332,424.06250790598324,-841.3958412393154
2025-05-20,10500.0,11696.777833333334,397.3688967948719,-1594.1467301282055
2025-05-21,11960.0,11511.111166666667,506.5511606837608,-57.66232735042831
2025-05-22,11000.0,11385.0,-21.50042264957222,-363.4995773504278
2025-05-23,10300.0,11247.5,-111.64724209401716,-835.8527579059828
2025-05-24,10400.0,11108.333333333334,338.60275790598297,-1046.936091239317
2025-05-25,10900.0,11038.333333333334,15.130535683760588,-153.46386901709454
2025-05-26,12340.0,11027.333333333334,-129.03613098290606,1441.7027976495722
2025-05-27,11960.0,11028.944500000001,-76.17501987179537,1007.230519871794
2025-05-28,11960.0,10987.777833333334,-548.1355754273505,1520.3577420940169
2025-05-29,12340.0,10869.0,-274.9839087606838,1745.9839087606838
2025-05-30,11540.0,10701.666666666666,-32.167519871794596,870.5008532051286
2025-05-31,10760.0,10534.333333333332,354.01164679487164,-128.34498012820376
2025-06-01,12440.0,10396.666666666668,338.93609123931617,1704.3972420940158
2025-06-02,12000.0,10276.666666666666,-245.80585320512844,1969.1391865384624
2025-06-03,10300.0,10122.222166666666,263.8133134615385,-86.03548012820494
2025-06-04,8666.669999999998,9947.222166666666,47.74404957264926,-1328.2962162393173
2025-06-05,9293.330000000002,9743.333333333334,165.07710512820506,-615.0804384615373
2025-06-06,8200.0,9489.0,-498.746408760684,-790.2535912393159
2025-06-07,8950.0,9252.333333333334,-400.3439087606838,98.01057542734986
2025-06-08,10500.0,9049.0,107.61886901709389,1343.3811309829061
2025-06-09,11650.0,8869.0,-553.0580754273503,3334.0580754273506
2025-06-10,12900.0,8665.0,-0.1091865384613584,4235.1091865384615
2025-06-11,11666.669999999998,8423.333333333332,272.7422023504276,2970.5944643162384
2025-06-12,9533.330000000002,8190.666666666666,-41.272797649572155,1383.9361309829078
2025-06-13,6200.0,7944.333333333334,-282.2739301282052,-1462.0594032051288
2025-06-14,6260.0,7720.666666666666,-400.9552506410259,-1059.7114160256401
2025-06-15,5740.0,7561.666666666666,-261.00653269230787,-1560.6601339743581
2025-06-16,7400.0,7399.333333333333,418.9055570512823,-418.23889038461533
2025-06-17,7360.0,7222.0,226.65306987179451,-88.65306987179451
2025-06-18,5833.330000000002,7100.333333333333,424.06250790598324,-1691.0658412393145
2025-06-19,5626.669999999998,7034.222166666666,397.3688967948719,-1804.9210634615401
2025-06-20,4600.0,6966.317333333333,506.5511606837608,-2872.8684940170942
2025-06-21,3100.0,6902.380833333334,-21.50042264957222,-3780.8804106837615
2025-06-22,4000.0,6848.690333333333,-111.64724209401716,-2737.043091239316
2025-06-23,4500.0,6807.190333333333,338.60275790598297,-2645.793091239316
2025-06-24,6000.0,6725.214166666667,15.130535683760588,-740.3447023504273
2025-06-25,5000.0,6576.761833333334,-129.03613098290606,-1447.7257023504278
2025-06-26,4800.0,6470.222166666666,-76.17501987179537,-1594.047146794871
2025-06-27,5160.0,6432.222166666666,-548.1355754273505,-724.0865912393159
2025-06-28,4360.0,6489.333333333333,-274.9839087606838,-1854.3494245726492
2025-06-29,6100.0,6591.666666666666,-32.167519871794596,-459.4991467948715
2025-06-30,6660.0,6683.333333333333,354.01164679487164,-377.34498012820467
2025-07-01,6800.0,6734.333333333333,338.93609123931617,-273.2694245726492
2025-07-02,7000.0,6748.333333333333,-245.80585320512844,497.4725198717954
2025-07-03,8000.0,6818.4445,263.8133134615385,917.742186538462
2025-07-04,7000.0,6915.777833333334,47.74404957264926,36.47811709401719
2025-07-05,6885.709999999999,7033.666666666666,165.07710512820506,-313.033771794872
2025-07-06,6771.43,7193.666666666666,-498.746408760684,76.50974209401824
2025-07-07,7157.139999999999,7357.0,-400.3439087606838,200.48390876068322
2025-07-08,9802.86,7505.333333333333,107.61886901709389,2189.9077976495737
2025-07-09,7428.57,7620.333333333333,-553.0580754273503,361.294742094017
2025-07-10,8214.29,7720.333333333334,-0.1091865384613584,494.0658532051283
2025-07-11,9960.0,7868.666666666666,272.7422023504276,1818.5911309829064
2025-07-12,8960.0,8017.666666666666,-41.272797649572155,983.606130982906
2025-07-13,10200.0,8134.0,-282.2739301282052,2348.2739301282054
2025-07-14,8400.0,8239.0,-400.9552506410259,561.9552506410259
2025-07-15,9100.0,8325.0,-261.00653269230787,1036.006532692308
2025-07-16,7100.0,8416.0,418.9055570512823,-1734.9055570512824
2025-07-17,8500.0,8505.333333333332,226.65306987179451,-231.98640320512663
2025-07-18,8900.0,8567.0,424.06250790598324,-91.06250790598324
2025-07-19,8400.0,8612.0,397.3688967948719,-609.368896794872
2025-07-20,8900.0,8655.571499999998,506.5511606837608,-262.122660683759
2025-07-21,8400.0,8717.9525,-21.50042264957222,-296.4520773504272
2025-07-22,8500.0,8826.476333333334,-111.64724209401716,-214.82909123931682
2025-07-23,8900.0,8899.476333333332,338.60275790598297,-338.0790912393151
2025-07-24,8500.0,8918.285833333333,15.130535683760588,-433.4163690170939
2025-07-25,8500.0,8957.5715,-129.03613098290606,-328.53536901709396
2025-07-26,10200.0,8972.0,-76.17501987179537,1304.1750198717955
2025-07-27,8700.0,8945.0,-548.1355754273505,303.13557542735055
2025-07-28,7800.0,8902.333333333332,-274.9839087606838,-827.3494245726483
2025-07-29,8960.0,8890.0,-32.167519871794596,102.1675198717946
2025-07-30,8960.0,8913.666666666668,354.01164679487164,-307.6783134615395
2025-07-31,9960.0,8948.0,338.93609123931617,673.0639087606838
2025-08-01,9200.0,8983.0,-245.80585320512844,462.8058532051284
2025-08-02,9500.0,8986.333333333334,263.8133134615385,249.85335320512758
2025-08-03,8200.0,9000.666666666666,47.74404957264926,-848.4107162393153
2025-08-04,8300.0,9030.0,165.07710512820506,-895.0771051282051
2025-08-05,9100.0,9045.0,-498.746408760684,553.7464087606841
2025-08-06,11340.0,9065.0,-400.3439087606838,2675.343908760684
2025-08-07,10000.0,9080.0,107.61886901709389,812.3811309829061
2025-08-08,8360.0,9098.333333333332,-553.0580754273503,-185.2752579059818
2025-08-09,9640.0,9104.333333333334,-0.1091865384613584,535.7758532051274
2025-08-10,9400.0,9060.333333333332,272.7422023504276,66.92446431624029
2025-08-11,7900.0,9008.0,-41.272797649572155,-1066.727202350428
2025-08-12,8700.0,9026.111166666666,-282.2739301282052,-43.837236538460445
2025-08-13,9160.0,9084.444500000001,-400.9552506410259,476.51075064102446
2025-08-14,9760.0,9133.0,-261.00653269230787,888.0065326923079
2025-08-15,8500.0,9152.238166666666,418.9055570512823,-1071.1437237179484
2025-08-16,9200.0,9134.619166666667,226.65306987179451,-161.2722365384618
2025-08-17,8400.0,9119.143,424.06250790598324,-1143.2055079059833
2025-08-18,9760.0,9132.476333333332,397.3688967948719,230.15476987179596
2025-08-19,9300.0,9172.9525,506.5511606837608,-379.50366068376024
2025-08-20,8900.0,9202.238166666666,-21.50042264957222,-280.73774401709386
2025-08-21,9200.0,9175.666666666666,-111.64724209401716,135.98057542735108
2025-08-22,9100.0,9142.666666666666,338.60275790598297,-381.26942457264903
2025-08-23,9400.0,9125.0,15.130535683760588,259.86946431623943
2025-08-24,7960.0,9063.333333333332,-129.03613098290606,-974.297202350426
2025-08-25,8100.0,8999.333333333334,-76.17501987179537,-823.1583134615386
2025-08-26,7660.0,9007.666666666668,-548.1355754273505,-799.5310912393173
2025-08-27,9926.669999999998,9039.333333333332,-274.9839087606838,1162.32057542735
2025-08-28,10333.330000000002,9020.0,-32.167519871794596,1345.4975198717964
2025-08-29,10500.0,8993.666666666666,354.01164679487164,1152.3216865384622
2025-08-30,9574.29,8986.666666666666,338.93609123931617,248.68724209401864
2025-08-31,8528.57,8976.666666666666,-245.80585320512844,-202.2908134615379
2025-09-01,9242.86,8968.333333333332,263.8133134615385,10.713353205129977
2025-09-02,9257.14,8970.111166666666,47.74404957264926,239.2847837606845
2025-09-03,9671.43,9015.777833333334,165.07710512820506,490.5750615384617
2025-09-04,9485.71,9126.333333333334,-498.746408760684,858.1230754273492
2025-09-05,9360.0,9258.833333333332,-400.3439087606838,501.5105754273517
2025-09-06,10000.0,9405.333333333334,107.61886901709389,487.0477976495722
2025-09-07,7300.0,9546.166666666668,-553.0580754273503,-1693.1085912393175
2025-09-08,7000.0,9660.333333333334,-0.1091865384613584,-2660.2241467948725
2025-09-09,8200.0,9746.0,272.7422023504276,-1818.7422023504275
2025-09-10,9600.0,9813.333333333332,-41.272797649572155,-172.06053568375995
2025-09-11,8900.0,9841.888833333334,-282.2739301282052,-659.6149032051292
2025-09-12,7800.0,9842.555499999999,-400.9552506410259,-1641.6002493589726
2025-09-13,9540.0,9860.333333333332,-261.00653269230787,-59.32680064102425
2025-09-14,8300.0,9892.4285,418.9055570512823,-2011.3340570512823
2025-09-15,8800.0,9965.380833333335,226.65306987179451,-1392.033903205129
2025-09-16,8300.0,,424.06250790598324,
2025-09-17,9966.669999999998,,397.3688967948719,
2025-09-18,11833.330000000002,,506.5511606837608,
2025-09-19,13000.0,,-21.50042264957222,
2025-09-20,13050.0,,-111.64724209401716,
2025-09-21,14040.0,,338.60275790598297,
2025-09-22,12910.0,,15.130535683760588,
2025-09-23,11300.0,,-129.03613098290606,
2025-09-24,9900.0,,-76.17501987179537,
2025-09-25,9900.0,,-548.1355754273505,
2025-09-26,9400.0,,-274.9839087606838,
2025-09-27,10900.0,,-32.167519871794596,
2025-09-28,11000.0,,354.01164679487164,
2025-09-29,11000.0,,338.93609123931617,
2025-09-30,11480.0,,-245.80585320512844,
